Date,Day,BB 22TB,BB 20TB,BB 18TB,BB 16TB,BB 14TB,BB 12TB,BB 8TB,BH 22TB,BH 20TB,BH 18TB,BH 16TB,BH 14TB,BH 12TB,BH 10TB,BH 8TB,BH 6TB,BH 4TB,NE 20TB,NE 18TB,NE 16TB,NE 14TB,NE 12TB,NE 10TB,NE 8TB,NE 6TB,NE 4TB
1/1/23,Sunday,,,,,,,,,,,,,,,,,,,,,,,,,,
1/2/23,Monday,,429.99,319.99,289.99,239.99,229.99,149.99,,,,,,,,,,,,,,,,,,,
1/3/23,Tuesday,,429.99,319.99,289.99,239.99,229.99,149.99,,,,,,,,,,,,,,,,,,,
1/4/23,Wednesday,,429.99,319.99,289.99,239.99,229.99,149.99,,,,,,,,,,,,,,,,,,,
1/5/23,Monday,,429.99,319.99,289.99,239.99,229.99,149.99,,,,,,,,,,,,,,,,,,,
1/6/23,Friday,,429.99,299.99,289.99,209.99,229.99,139.99,,,,,,,,,,,,,,,,,,,
1/7/23,Saturday,,429.99,299.99,289.99,209.99,229.99,149.99,,,,,,,,,,,,,,,,,,,
1/8/23,Sunday,,429.99,299.99,289.99,209.99,229.99,149.99,,,,,,,,,,,,,,,,,,,
1/9/23,Monday,,429.99,319.99,289.99,239.99,229.99,149.99,,,,,,,,,,,,,,,,,,,
1/10/23,Tuesday,,429.99,319.99,289.99,239.99,229.99,149.99,,,,,,,,,,,,,,,,,,,
1/11/23,Wednesday,,429.99,319.99,289.99,239.99,229.99,149.99,,,,,,,,,,,,,,,,,,,
1/12/23,Thursday,,429.99,319.99,289.99,239.99,229.99,149.99,,,,,,,,,,,,,,,,,,,
1/13/23,Friday,,429.99,319.99,289.99,239.99,229.99,149.99,,,,,,,,,,,,,,,,,,,
1/14/23,Saturday,,429.99,319.99,274.99,239.99,229.99,149.99,,,,,,,,,,,,,,,,,,,
1/15/23,Sunday,,429.99,319.99,289.99,239.99,229.99,149.99,,,,,,,,,,,,,,,,,,,
1/16/23,Monday,,449.99,279.99,299.99,199.99,229.99,149.99,,,,,,,,,,,,,,,,,,,
1/17/23,Tuesday,,449.99,279.99,299.99,199.99,229.99,149.99,,,,,,,,,,,,,,,,,,,
1/18/23,Wednesday,,449.99,279.99,299.99,199.99,229.99,149.99,,,,,,,,,,,,,,,,,,,
1/19/23,Thursday,,449.99,279.99,299.99,199.99,229.99,149.99,,,,,,,,,,,,,,,,,,,
1/20/23,Friday,,449.99,329.99,299.99,239.99,229.99,149.99,,,,,,,,,,,,,,,,,,,
1/21/23,Saturday,,449.99,329.99,299.99,239.99,229.99,149.99,,,,,,,,,,,,,,,,,,,
1/22/23,Sunday,,449.99,329.99,299.99,239.99,208.99,149.99,,,,,,,,,,,,,,,,,,,
1/23/23,Monday,,449.99,299.99,279.99,229.99,219.99,134.99,,,,,,,,,,,,,,,,,,,
1/24/23,Tuesday,,449.99,299.99,279.99,229.99,219.99,134.99,,,,,,,,,,,,,,,,,,,
1/25/23,Wednesday,,449.99,299.99,279.99,229.99,219.99,134.99,,,,,,,,,,,,,,,,,,,
1/26/23,Thursday,,449.99,299.99,279.99,229.99,219.99,134.99,,,,,,,,,,,,,,,,,,,
1/27/23,Friday,,449.99,299.99,279.99,229.99,219.99,134.99,,,,,,,,,,,,,,,,,,,
1/28/23,Saturday,,399.99,299.99,279.99,229.99,219.99,134.99,,,,,,,,,,,,,,,,,,,
1/29/23,Sunday,,449.99,299.99,279.99,229.99,219.99,134.99,,,,,,,,,,,,,,,,,,,
1/30/23,Monday,,,,,,,,,,,,,,,,,,,,,,,,,,
1/31/23,Tuesday,,399.99,299.99,279.99,239.99,219.99,134.99,,,,,,,,,,,,,,,,,,,
2/1/23,Wednesday,,399.99,299.99,279.99,239.99,219.99,134.99,,,,,,,,,,,,,,,,,,,
2/2/23,Thursday,,399.99,299.99,279.99,239.99,219.99,134.99,,,,,,,,,,,,,,,,,,,
2/3/23,Friday,,,,,,,,,,,,,,,,,,,,,,,,,,
2/4/23,Saturday,,399.99,299.99,279.99,239.99,219.99,134.99,,,,,,,,,,,,,,,,,,,
2/5/23,Sunday,,399.99,299.99,279.99,239.99,219.99,134.99,,,,,,,,,,,,,,,,,,,
2/6/23,Monday,,349.99,289.99,269.99,209.99,199.99,134.99,,,,,,,,,,,,,,,,,,,
2/7/23,Tuesday,,349.99,269.99,269.99,229.99,199.99,134.99,,,,,,,,,,,,,,,,,,,
2/8/23,Wednesday,,,,,,,,,,,,,,,,,,,,,,,,,,
2/9/23,Thursday,,349.99,289.99,269.99,229.99,199.99,134.99,,,,,,,,,,,,,,,,,,,
2/10/23,Friday,,349.99,289.99,269.99,229.99,199.99,134.99,,,,,,,,,,,,,,,,,,,
2/11/23,Saturday,,349.99,289.99,269.99,229.99,199.99,134.99,,,,,,,,,,,,,,,,,,,
2/12/23,Sunday,,349.99,289.99,269.99,229.99,199.99,134.99,,,,,,,,,,,,,,,,,,,
2/13/23,Monday,,349.99,289.99,269.99,229.99,199.99,153.99,,,,,,,,,,,,,,,,,,,
2/14/23,Tuesday,,349.99,289.99,269.99,229.99,199.99,153.99,,,,,,,,,,,,,,,,,,,
2/15/23,Wednesday,,349.99,289.99,269.99,229.99,199.99,153.99,,,,,,,,,,,,,,,,,,,
2/16/23,Thursday,,349.99,289.99,269.99,229.99,199.99,153.99,,,,,,,,,,,,,,,,,,,
2/17/23,Friday,,349.99,289.99,269.99,229.99,199.99,153.99,,,,,,,,,,,,,,,,,,,
2/18/23,Saturday,,349.99,249.99,269.99,199.99,199.99,153.99,,,,,,,,,,,,,,,,,,,
2/19/23,Sunday,,349.99,249.99,269.99,199.99,199.99,139.99,,,,,,,,,,,,,,,,,,,
2/20/23,Monday,,349.99,249.99,269.99,199.99,199.99,149.99,,,,,,,,,,,,,,,,,,,
2/21/23,Tuesday,,349.99,289.99,269.99,219.99,199.99,149.99,,,,,,,,,,,,,,,,,,,
2/22/23,Wednesday,,349.99,289.99,269.99,219.99,199.99,149.99,,,,,,,,,,,,,,,,,,,
2/23/23,Thursday,,349.99,289.99,269.99,219.99,199.99,149.99,,,,,,,,,,,,,,,,,,,
2/24/23,Friday,,349.99,289.99,269.99,219.99,199.99,149.99,,,,,,,,,,,,,,,,,,,
2/25/23,Saturday,,349.99,289.99,249.99,219.99,199.99,149.99,,,,,,,,,,,,,,,,,,,
2/26/23,Sunday,,349.99,289.99,269.99,219.99,199.99,149.99,,,,,,,,,,,,,,,,,,,
2/27/23,Monday,,449.99,349.99,309.99,254.99,234.99,149.99,,,,,,,,,,,,,,,,,,,
2/28/23,Tuesday,,449.99,349.99,309.99,254.99,234.99,154.99,,,,,,,,,,,,,,,,,,,
3/1/23,Wednesday,,449.99,349.99,309.99,209.99,234.99,154.99,,,,,,,,,,,,,,,,,,,
3/2/23,Thursday,,449.99,269.99,309.99,254.99,234.99,154.99,,,,,,,,,,,,,,,,,,,
3/3/23,Friday,,,,,,,,,,,,,,,,,,,,,,,,,,
3/4/23,Saturday,,449.99,349.99,309.99,254.99,234.99,154.99,,,,,,,,,,,,,,,,,,,
3/5/23,Sunday,,329.99,349.99,309.99,254.99,234.99,154.99,,,,,,,,,,,,,,,,,,,
3/6/23,Monday,,379.99,299.99,279.99,239.99,219.99,134.99,,,,,,,,,,,,,,,,,,,
3/7/23,Tuesday,,379.99,299.99,279.99,239.99,219.99,134.99,,,,,,,,,,,,,,,,,,,
3/8/23,Wednesday,,599.99,299.99,279.99,239.99,219.99,134.99,,,,,,,,,,,,,,,,,,,
3/9/23,Thursday,,379.99,299.99,279.99,239.99,219.99,134.99,,,,,,,,,,,,,,,,,,,
3/10/23,Friday,,379.99,299.99,279.99,239.99,219.99,134.99,,,,,,,,,,,,,,,,,,,
3/11/23,Saturday,,379.99,299.99,279.99,239.99,219.99,134.99,,,,,,,,,,,,,,,,,,,
3/12/23,Sunday,599.99,379.99,299.99,279.99,239.99,219.99,134.99,,,,,,,,,,,,,,,,,,,
3/13/23,Monday,599.99,379.99,299.99,279.99,209.99,199.99,134.99,,,,,,,,,,,,,,,,,,,
3/14/23,Tuesday,599.99,379.99,299.99,279.99,209.99,199.99,134.99,,,,,,,,,,,,,,,,,,,
3/15/23,Wednesday,599.99,379.99,299.99,279.99,209.99,199.99,134.99,,,,,,,,,,,,,,,,,,,
3/16/23,Thursday,599.99,379.99,299.99,279.99,209.99,199.99,127.99,,,,,,,,,,,,,,,,,,,
3/17/23,Friday,599.99,379.99,299.99,279.99,209.99,199.99,134.99,,,,,,,,,,,,,,,,,,,
3/18/23,Saturday,599.99,379.99,299.99,279.99,209.99,199.99,134.99,,,,,,,,,,,,,,,,,,,
3/19/23,Sunday,,,,,,,,,,,,,,,,,,,,,,,,,,
3/20/23,Monday,599.99,379.99,284.99,269.99,212.99,203.99,149.99,,,,,,,,,,,,,,,,,,,
3/21/23,Tuesday,599.99,379.99,284.99,269.99,212.99,203.99,149.99,,,,,,,,,,,,,,,,,,,
3/22/23,Wednesday,599.99,379.99,284.99,269.99,212.99,203.99,149.99,,,,,,,,,,,,,,,,,,,
3/23/23,Thursday,599.99,379.99,284.99,269.99,212.99,203.99,149.99,,,,,,,,,,,,,,,,,,,
3/24/23,Friday,599.99,379.99,284.99,269.99,212.99,203.99,149.99,,,,,,,,,,,,,,,,,,,
3/25/23,Saturday,,,,,,,,,,,,,,,,,,,,,,,,,,
3/26/23,Sunday,599.99,379.99,284.99,269.99,212.99,203.99,149.99,,,,,,,,,,,,,,,,,,,
3/27/23,Monday,599.99,379.99,284.99,249.99,212.99,203.99,149.99,,,,,,,,,,,,,,,,,,,
3/28/23,Tuesday,599.99,379.99,284.99,244.99,212.99,204.99,139.99,,,,,,,,,,,,,,,,,,,
3/29/23,Wednesday,599.99,379.99,284.99,244.99,212.99,204.99,139.99,,,,,,,,,,,,,,,,,,,
3/30/23,Thursday,599.99,379.99,284.99,244.99,212.99,204.99,139.99,,,,,,,,,,,,,,,,,,,
3/31/23,Friday,599.99,329.99,249.99,244.99,199.99,189.99,139.99,,,,,,,,,,,,,,,,,,,
4/1/23,Saturday,599.99,379.99,284.99,244.99,212.99,204.99,139.99,,,,,,,,,,,,,,,,,,,
4/2/23,Sunday,599.99,379.99,284.99,244.99,212.99,204.99,139.99,,,,,,,,,,,,,,,,,,,
4/3/23,Monday,599.99,329.99,279.99,269.99,219.99,199.99,149.99,,,,,,,,,,,,,,,,,,,
4/4/23,Tuesday,549.99,379.99,279.99,269.99,219.99,199.99,149.99,,,,,,,,,,,,,,,,,,,
4/5/23,Wednesday,549.99,379.99,279.99,269.99,219.99,199.99,149.99,,,,,,,,,,,,,,,,,,,
4/6/23,Thursday,,,,,,,,,,,,,,,,,,,,,,,,,,
4/7/23,Friday,549.99,379.99,279.99,269.99,219.99,199.99,149.99,,,,,,,,,,,,,,,,,,,
4/8/23,Saturday,514.99,379.99,279.99,269.99,219.99,199.99,149.99,,,,,,,,,,,,,,,,,,,
4/9/23,Sunday,,,,,,,,,,,,,,,,,,,,,,,,,,
4/10/23,Monday,514.99,379.99,279.99,269.99,219.99,199.99,149.99,,,,,,,,,,,,,,,,,,,
4/11/23,Tuesday,,,,,,,,,,,,,,,,,,,,,,,,,,
4/12/23,Wednesday,514.99,379.99,279.99,269.99,219.99,199.99,149.99,,,,,,,,,,,,,,,,,,,
4/13/23,Thursday,514.99,379.99,279.99,269.99,219.99,199.99,149.99,,,,,,,,,,,,,,,,,,,
4/14/23,Friday,514.99,379.99,279.99,269.99,219.99,199.99,149.99,,,,,,,,,,,,,,,,,,,
4/15/23,Saturday,514.99,379.99,279.99,269.99,219.99,199.99,149.99,,,,,,,,,,,,,,,,,,,
4/16/23,Sunday,514.99,379.99,279.99,269.99,219.99,199.99,149.99,,,,,,,,,,,,,,,,,,,
4/17/23,Monday,499.99,549.99,369.99,389.99,219.99,203.99,135.99,,,,,,,,,,,,,,,,,,,
4/18/23,Tuesday,,,,,,,,,,,,,,,,,,,,,,,,,,
4/19/23,Wednesday,499.99,549.99,369.99,389.99,219.99,203.99,135.99,,,,,,,,,,,,,,,,,,,
4/20/23,Thursday,499.99,549.99,369.99,389.99,219.99,203.99,135.99,,,,,,,,,,,,,,,,,,,
4/21/23,Friday,499.99,549.99,369.99,389.99,219.99,203.99,135.99,,,,,,,,,,,,,,,,,,,
4/22/23,Saturday,,,,,,,,,,,,,,,,,,,,,,,,,,
4/23/23,Sunday,499.99,549.99,369.99,389.99,219.99,203.99,135.99,,,,,,,,,,,,,,,,,,,
4/24/23,Monday,499.99,549.99,369.99,389.99,219.99,204.99,134.99,,,,,,,,,,,,,,,,,,,
4/25/23,Tuesday,499.99,549.99,369.99,389.99,229.99,214.99,134.99,,,,,,,,,,,,,,,,,,,
4/26/23,Wednesday,499.99,549.99,369.99,389.99,207.99,214.99,134.99,,,,,,,,,,,,,,,,,,,
4/27/23,Thursday,499.99,549.99,369.99,389.99,229.99,214.99,134.99,,,,,,,,,,,,,,,,,,,
4/28/23,Friday,499.99,549.99,369.99,389.99,229.99,214.99,134.99,,,,,,,,,,,,,,,,,,,
4/29/23,Saturday,499.99,549.99,369.99,389.99,229.99,214.99,134.99,,,,,,,,,,,,,,,,,,,
4/30/23,Sunday,499.99,549.99,369.99,389.99,229.99,189.99,134.99,,,,,,,,,,,,,,,,,,,
5/1/23,Monday,499.99,379.99,284.99,269.99,219.99,204.99,135.99,499.99,399.99,299.99,269.99,249.99,209.99,199.99,134.99,119.99,99.99,371.99,329.99,249.99,249.99,249.89,199.99,179.89,119.99,100.99
5/2/23,Tuesday,299.99,269.99,249.99,209.99,199.99,134.99,119.99,99.99,371.99,329.99,249.99,249.99,249.89,199.99,179.89,119.99,99.99,499.99,379.99,284.99,269.99,219.99,204.99,135.99,499.99,399.99
5/3/23,Wednesday,,,,,,,,,,,,,,,,,,,,,,,,,,
5/4/23,Thursday,499.99,379.99,284.99,269.99,219.99,204.99,135.99,,,,,,,,,,,371.99,329.99,249.99,249.99,249.89,199.99,179.89,149.37,99.99
5/5/23,Friday,499.99,379.99,284.99,269.99,219.99,204.99,135.99,,,,,,,,,,,399.99,329.99,249.99,249.99,289.99,199.99,179.89,119.99,99.99
5/6/23,Saturday,499.99,379.99,284.99,269.99,219.99,204.99,135.99,399.99,329.99,249.99,249.99,295.99,199.99,179.89,119.99,99.99
5/7/23,Sunday,499.99,379.99,284.99,269.99,219.99,204.99,135.99,399.99,329.99,249.99,249.99,295.99,199.99,179.89,119.99,99.99
5/8/23,Monday,349.97
5/9/23,Tuesday,538.86,339.83,346.50,229.99,279.99,249.99,195.99,149.99,119.99,122.22,449.99,379.99,284.99,229.99,219.99,204.99,127.99,399.99,329.99,249.99,269.99,293.99,199.99,179.88,128.99,104.99
5/10/23,Wednesday,538.86,340.01,399.99,297.00,279.99,209.99,199.99,149.99,143.91,104.99,449.99,379.99,284.99,229.99,219.99,204.99,149.99,399.99,329.99,249.99,269.99,209.99,299.99,181.99,128.99,104.99
5/11/23,Thursday,449.99
5/12/23,Friday,,,,,,,,,,,,,,,,,,,,,,,,,,
5/13/23,Saturday,,,,,,,,,,,,,,,,,,,,,,,,,,
5/14/23,Sunday,,,,,,,,,,,,,,,,,,,,,,,,,,
5/15/23,Monday,,,,,,,,,,,,,,,,,,,,,,,,,,
5/16/23,Tuesday,,,,,,,,,,,,,,,,,,,,,,,,,,
5/17/23,Wednesday,,,,,,,,,,,,,,,,,,,,,,,,,,
5/18/23,Thursday,,,,,,,,,,,,,,,,,,,,,,,,,,
5/19/23,Friday,,,,,,,,,,,,,,,,,,,,,,,,,,
5/20/23,Saturday,,,,,,,,,,,,,,,,,,,,,,,,,,
5/21/23,Sunday,,,,,,,,,,,,,,,,,,,,,,,,,,
5/22/23,Monday,,,,,,,,,,,,,,,,,,,,,,,,,,
5/23/23,Tuesday,,,,,,,,,,,,,,,,,,,,,,,,,,
5/24/23,Wednesday,,,,,,,,,,,,,,,,,,,,,,,,,,
5/25/23,Thursday,,,,,,,,,,,,,,,,,,,,,,,,,,
5/26/23,Friday,,,,,,,,,,,,,,,,,,,,,,,,,,
5/27/23,Saturday,,,,,,,,,,,,,,,,,,,,,,,,,,
5/28/23,Sunday,,,,,,,,,,,,,,,,,,,,,,,,,,
5/29/23,Monday,,,,,,,,,,,,,,,,,,,,,,,,,,
5/30/23,Tuesday,,,,,,,,,,,,,,,,,,,,,,,,,,
5/31/23,Wednesday,,,,,,,,,,,,,,,,,,,,,,,,,,
6/1/23,Thursday,,,,,,,,,,,,,,,,,,,,,,,,,,
6/2/23,Friday,,,,,,,,,,,,,,,,,,,,,,,,,,
6/3/23,Saturday,,,,,,,,,,,,,,,,,,,,,,,,,,
6/4/23,Sunday,,,,,,,,,,,,,,,,,,,,,,,,,,
6/5/23,Monday,,,,,,,,,,,,,,,,,,,,,,,,,,
6/6/23,Tuesday,,,,,,,,,,,,,,,,,,,,,,,,,,
6/7/23,Wednesday,,,,,,,,,,,,,,,,,,,,,,,,,,
6/8/23,Thursday,,,,,,,,,,,,,,,,,,,,,,,,,,
6/9/23,Friday,,,,,,,,,,,,,,,,,,,,,,,,,,
6/10/23,Saturday,,,,,,,,,,,,,,,,,,,,,,,,,,
6/11/23,Sunday,,,,,,,,,,,,,,,,,,,,,,,,,,
6/12/23,Monday,,,,,,,,,,,,,,,,,,,,,,,,,,
6/13/23,Tuesday,,,,,,,,,,,,,,,,,,,,,,,,,,
6/14/23,Wednesday,,,,,,,,,,,,,,,,,,,,,,,,,,
6/15/23,Thursday,,,,,,,,,,,,,,,,,,,,,,,,,,
6/16/23,Friday,,,,,,,,,,,,,,,,,,,,,,,,,,
6/17/23,Saturday,,,,,,,,,,,,,,,,,,,,,,,,,,
6/18/23,Sunday,,,,,,,,,,,,,,,,,,,,,,,,,,
6/19/23,Monday,,,,,,,,,,,,,,,,,,,,,,,,,,
6/20/23,Tuesday,,,,,,,,,,,,,,,,,,,,,,,,,,
6/21/23,Wednesday,,,,,,,,,,,,,,,,,,,,,,,,,,
6/22/23,Thursday,,,,,,,,,,,,,,,,,,,,,,,,,,
6/23/23,Friday,,,,,,,,,,,,,,,,,,,,,,,,,,
6/24/23,Saturday,,,,,,,,,,,,,,,,,,,,,,,,,,
6/25/23,Sunday,,,,,,,,,,,,,,,,,,,,,,,,,,
6/26/23,Monday,,,,,,,,,,,,,,,,,,,,,,,,,,
6/27/23,Tuesday,,,,,,,,,,,,,,,,,,,,,,,,,,
6/28/23,Wednesday,,,,,,,,,,,,,,,,,,,,,,,,,,
6/29/23,Thursday,,,,,,,,,,,,,,,,,,,,,,,,,,
6/30/23,Friday,,,,,,,,,,,,,,,,,,,,,,,,,,
7/1/23,Saturday,,,,,,,,,,,,,,,,,,,,,,,,,,
7/2/23,Sunday,,,,,,,,,,,,,,,,,,,,,,,,,,
7/3/23,Monday,,,,,,,,,,,,,,,,,,,,,,,,,,
7/4/23,Tuesday,,,,,,,,,,,,,,,,,,,,,,,,,,
7/5/23,Wednesday,,,,,,,,,,,,,,,,,,,,,,,,,,
7/6/23,Thursday,,,,,,,,,,,,,,,,,,,,,,,,,,
7/7/23,Friday,,,,,,,,,,,,,,,,,,,,,,,,,,
7/8/23,Saturday,,,,,,,,,,,,,,,,,,,,,,,,,,
7/9/23,Sunday,,,,,,,,,,,,,,,,,,,,,,,,,,
7/10/23,Monday,,,,,,,,,,,,,,,,,,,,,,,,,,
7/11/23,Tuesday,,,,,,,,,,,,,,,,,,,,,,,,,,
7/12/23,Wednesday,,,,,,,,,,,,,,,,,,,,,,,,,,
7/13/23,Thursday,,,,,,,,,,,,,,,,,,,,,,,,,,
7/14/23,Friday,,,,,,,,,,,,,,,,,,,,,,,,,,
7/15/23,Saturday,,,,,,,,,,,,,,,,,,,,,,,,,,
7/16/23,Sunday,,,,,,,,,,,,,,,,,,,,,,,,,,
7/17/23,Monday,,,,,,,,,,,,,,,,,,,,,,,,,,
7/18/23,Tuesday,,,,,,,,,,,,,,,,,,,,,,,,,,
7/19/23,Wednesday,,,,,,,,,,,,,,,,,,,,,,,,,,
7/20/23,Thursday,,,,,,,,,,,,,,,,,,,,,,,,,,
7/21/23,Friday,,,,,,,,,,,,,,,,,,,,,,,,,,
7/22/23,Saturday,,,,,,,,,,,,,,,,,,,,,,,,,,
7/23/23,Sunday,,,,,,,,,,,,,,,,,,,,,,,,,,
7/24/23,Monday,,,,,,,,,,,,,,,,,,,,,,,,,,
7/25/23,Tuesday,,,,,,,,,,,,,,,,,,,,,,,,,,
7/26/23,Wednesday,,,,,,,,,,,,,,,,,,,,,,,,,,
7/27/23,Thursday,,,,,,,,,,,,,,,,,,,,,,,,,,
7/28/23,Friday,,,,,,,,,,,,,,,,,,,,,,,,,,
7/29/23,Saturday,,,,,,,,,,,,,,,,,,,,,,,,,,
7/30/23,Sunday,,,,,,,,,,,,,,,,,,,,,,,,,,
7/31/23,Monday,,,,,,,,,,,,,,,,,,,,,,,,,,
8/1/23,Tuesday,,,,,,,,,,,,,,,,,,,,,,,,,,
8/2/23,Wednesday,,,,,,,,,,,,,,,,,,,,,,,,,,
8/3/23,Thursday,,,,,,,,,,,,,,,,,,,,,,,,,,
8/4/23,Friday,,,,,,,,,,,,,,,,,,,,,,,,,,
8/5/23,Saturday,,,,,,,,,,,,,,,,,,,,,,,,,,
8/6/23,Sunday,,,,,,,,,,,,,,,,,,,,,,,,,,
8/7/23,Monday,,,,,,,,,,,,,,,,,,,,,,,,,,
8/8/23,Tuesday,,,,,,,,,,,,,,,,,,,,,,,,,,
8/9/23,Wednesday,,,,,,,,,,,,,,,,,,,,,,,,,,
8/10/23,Thursday,,,,,,,,,,,,,,,,,,,,,,,,,,
8/11/23,Friday,,,,,,,,,,,,,,,,,,,,,,,,,,
8/12/23,Saturday,,,,,,,,,,,,,,,,,,,,,,,,,,
8/13/23,Sunday,,,,,,,,,,,,,,,,,,,,,,,,,,
8/14/23,Monday,,,,,,,,,,,,,,,,,,,,,,,,,,
8/15/23,Tuesday,,,,,,,,,,,,,,,,,,,,,,,,,,
8/16/23,Wednesday,,,,,,,,,,,,,,,,,,,,,,,,,,
8/17/23,Thursday,,,,,,,,,,,,,,,,,,,,,,,,,,
8/18/23,Friday,,,,,,,,,,,,,,,,,,,,,,,,,,
8/19/23,Saturday,,,,,,,,,,,,,,,,,,,,,,,,,,
8/20/23,Sunday,,,,,,,,,,,,,,,,,,,,,,,,,,
8/21/23,Monday,,,,,,,,,,,,,,,,,,,,,,,,,,
8/22/23,Tuesday,,,,,,,,,,,,,,,,,,,,,,,,,,
8/23/23,Wednesday,,,,,,,,,,,,,,,,,,,,,,,,,,
8/24/23,Thursday,,,,,,,,,,,,,,,,,,,,,,,,,,
8/25/23,Friday,,,,,,,,,,,,,,,,,,,,,,,,,,
8/26/23,Saturday,,,,,,,,,,,,,,,,,,,,,,,,,,
8/27/23,Sunday,,,,,,,,,,,,,,,,,,,,,,,,,,
8/28/23,Monday,,,,,,,,,,,,,,,,,,,,,,,,,,
8/29/23,Tuesday,,,,,,,,,,,,,,,,,,,,,,,,,,
8/30/23,Wednesday,,,,,,,,,,,,,,,,,,,,,,,,,,
8/31/23,Thursday,,,,,,,,,,,,,,,,,,,,,,,,,,
9/1/23,Friday,,,,,,,,,,,,,,,,,,,,,,,,,,
9/2/23,Saturday,,,,,,,,,,,,,,,,,,,,,,,,,,
9/3/23,Sunday,,,,,,,,,,,,,,,,,,,,,,,,,,
9/4/23,Monday,,,,,,,,,,,,,,,,,,,,,,,,,,
9/5/23,Tuesday,,,,,,,,,,,,,,,,,,,,,,,,,,
9/6/23,Wednesday,,,,,,,,,,,,,,,,,,,,,,,,,,
9/7/23,Thursday,,,,,,,,,,,,,,,,,,,,,,,,,,
9/8/23,Friday,,,,,,,,,,,,,,,,,,,,,,,,,,
9/9/23,Saturday,,,,,,,,,,,,,,,,,,,,,,,,,,
9/10/23,Sunday,,,,,,,,,,,,,,,,,,,,,,,,,,
9/11/23,Monday,,,,,,,,,,,,,,,,,,,,,,,,,,
9/12/23,Tuesday,,,,,,,,,,,,,,,,,,,,,,,,,,
9/13/23,Wednesday,,,,,,,,,,,,,,,,,,,,,,,,,,
9/14/23,Thursday,,,,,,,,,,,,,,,,,,,,,,,,,,
9/15/23,Friday,,,,,,,,,,,,,,,,,,,,,,,,,,
9/16/23,Saturday,,,,,,,,,,,,,,,,,,,,,,,,,,
9/17/23,Sunday,,,,,,,,,,,,,,,,,,,,,,,,,,
9/18/23,Monday,,,,,,,,,,,,,,,,,,,,,,,,,,
9/19/23,Tuesday,,,,,,,,,,,,,,,,,,,,,,,,,,
9/20/23,Wednesday,,,,,,,,,,,,,,,,,,,,,,,,,,
9/21/23,Thursday,,,,,,,,,,,,,,,,,,,,,,,,,,
9/22/23,Friday,,,,,,,,,,,,,,,,,,,,,,,,,,
9/23/23,Saturday,,,,,,,,,,,,,,,,,,,,,,,,,,
9/24/23,Sunday,,,,,,,,,,,,,,,,,,,,,,,,,,
9/25/23,Monday,,,,,,,,,,,,,,,,,,,,,,,,,,
9/26/23,Tuesday,,,,,,,,,,,,,,,,,,,,,,,,,,
9/27/23,Wednesday,,,,,,,,,,,,,,,,,,,,,,,,,,
9/28/23,Thursday,,,,,,,,,,,,,,,,,,,,,,,,,,
9/29/23,Friday,,,,,,,,,,,,,,,,,,,,,,,,,,
9/30/23,Saturday,,,,,,,,,,,,,,,,,,,,,,,,,,
10/1/23,Sunday,,,,,,,,,,,,,,,,,,,,,,,,,,
10/2/23,Monday,,,,,,,,,,,,,,,,,,,,,,,,,,
10/3/23,Tuesday,,,,,,,,,,,,,,,,,,,,,,,,,,
10/4/23,Wednesday,,,,,,,,,,,,,,,,,,,,,,,,,,
10/5/23,Thursday,,,,,,,,,,,,,,,,,,,,,,,,,,
10/6/23,Friday,,,,,,,,,,,,,,,,,,,,,,,,,,
10/7/23,Saturday,,,,,,,,,,,,,,,,,,,,,,,,,,
10/8/23,Sunday,,,,,,,,,,,,,,,,,,,,,,,,,,
10/9/23,Monday,,,,,,,,,,,,,,,,,,,,,,,,,,
10/10/23,Tuesday,,,,,,,,,,,,,,,,,,,,,,,,,,
10/11/23,Wednesday,,,,,,,,,,,,,,,,,,,,,,,,,,
10/12/23,Thursday,,,,,,,,,,,,,,,,,,,,,,,,,,
10/13/23,Friday,,,,,,,,,,,,,,,,,,,,,,,,,,
10/14/23,Saturday,,,,,,,,,,,,,,,,,,,,,,,,,,
10/15/23,Sunday,,,,,,,,,,,,,,,,,,,,,,,,,,
10/16/23,Monday,,,,,,,,,,,,,,,,,,,,,,,,,,
10/17/23,Tuesday,,,,,,,,,,,,,,,,,,,,,,,,,,
10/18/23,Wednesday,,,,,,,,,,,,,,,,,,,,,,,,,,
10/19/23,Thursday,,,,,,,,,,,,,,,,,,,,,,,,,,
10/20/23,Friday,,,,,,,,,,,,,,,,,,,,,,,,,,
10/21/23,Saturday,,,,,,,,,,,,,,,,,,,,,,,,,,
10/22/23,Sunday,,,,,,,,,,,,,,,,,,,,,,,,,,
10/23/23,Monday,,,,,,,,,,,,,,,,,,,,,,,,,,
10/24/23,Tuesday,,,,,,,,,,,,,,,,,,,,,,,,,,
10/25/23,Wednesday,,,,,,,,,,,,,,,,,,,,,,,,,,
10/26/23,Thursday,,,,,,,,,,,,,,,,,,,,,,,,,,
10/27/23,Friday,,,,,,,,,,,,,,,,,,,,,,,,,,
10/28/23,Saturday,,,,,,,,,,,,,,,,,,,,,,,,,,
10/29/23,Sunday,,,,,,,,,,,,,,,,,,,,,,,,,,
10/30/23,Monday,,,,,,,,,,,,,,,,,,,,,,,,,,
10/31/23,Tuesday,,,,,,,,,,,,,,,,,,,,,,,,,,
11/1/23,Wednesday,,,,,,,,,,,,,,,,,,,,,,,,,,
11/2/23,Thursday,,,,,,,,,,,,,,,,,,,,,,,,,,
11/3/23,Friday,,,,,,,,,,,,,,,,,,,,,,,,,,
11/4/23,Saturday,,,,,,,,,,,,,,,,,,,,,,,,,,
11/5/23,Sunday,,,,,,,,,,,,,,,,,,,,,,,,,,
11/6/23,Monday,,,,,,,,,,,,,,,,,,,,,,,,,,
11/7/23,Tuesday,,,,,,,,,,,,,,,,,,,,,,,,,,
11/8/23,Wednesday,,,,,,,,,,,,,,,,,,,,,,,,,,
11/9/23,Thursday,,,,,,,,,,,,,,,,,,,,,,,,,,
11/10/23,Friday,,,,,,,,,,,,,,,,,,,,,,,,,,
11/11/23,Saturday,,,,,,,,,,,,,,,,,,,,,,,,,,
11/12/23,Sunday,,,,,,,,,,,,,,,,,,,,,,,,,,
11/13/23,Monday,,,,,,,,,,,,,,,,,,,,,,,,,,
11/14/23,Tuesday,,,,,,,,,,,,,,,,,,,,,,,,,,
11/15/23,Wednesday,,,,,,,,,,,,,,,,,,,,,,,,,,
11/16/23,Thursday,,,,,,,,,,,,,,,,,,,,,,,,,,
11/17/23,Friday,,,,,,,,,,,,,,,,,,,,,,,,,,
11/18/23,Saturday,,,,,,,,,,,,,,,,,,,,,,,,,,
11/19/23,Sunday,,,,,,,,,,,,,,,,,,,,,,,,,,
11/20/23,Monday,,,,,,,,,,,,,,,,,,,,,,,,,,
11/21/23,Tuesday,,,,,,,,,,,,,,,,,,,,,,,,,,
11/22/23,Wednesday,,,,,,,,,,,,,,,,,,,,,,,,,,
11/23/23,Thursday,,,,,,,,,,,,,,,,,,,,,,,,,,
11/24/23,Friday,,,,,,,,,,,,,,,,,,,,,,,,,,
11/25/23,Saturday,,,,,,,,,,,,,,,,,,,,,,,,,,
11/26/23,Sunday,,,,,,,,,,,,,,,,,,,,,,,,,,
11/27/23,Monday,,,,,,,,,,,,,,,,,,,,,,,,,,
11/28/23,Tuesday,,,,,,,,,,,,,,,,,,,,,,,,,,
11/29/23,Wednesday,,,,,,,,,,,,,,,,,,,,,,,,,,
11/30/23,Thursday,,,,,,,,,,,,,,,,,,,,,,,,,,
12/1/23,Friday,,,,,,,,,,,,,,,,,,,,,,,,,,
12/2/23,Saturday,,,,,,,,,,,,,,,,,,,,,,,,,,
12/3/23,Sunday,,,,,,,,,,,,,,,,,,,,,,,,,,
12/4/23,Monday,,,,,,,,,,,,,,,,,,,,,,,,,,
12/5/23,Tuesday,,,,,,,,,,,,,,,,,,,,,,,,,,
12/6/23,Wednesday,,,,,,,,,,,,,,,,,,,,,,,,,,
12/7/23,Thursday,,,,,,,,,,,,,,,,,,,,,,,,,,
12/8/23,Friday,,,,,,,,,,,,,,,,,,,,,,,,,,
12/9/23,Saturday,,,,,,,,,,,,,,,,,,,,,,,,,,
12/10/23,Sunday,,,,,,,,,,,,,,,,,,,,,,,,,,
12/11/23,Monday,,,,,,,,,,,,,,,,,,,,,,,,,,
12/12/23,Tuesday,,,,,,,,,,,,,,,,,,,,,,,,,,
12/13/23,Wednesday,,,,,,,,,,,,,,,,,,,,,,,,,,
12/14/23,Thursday,,,,,,,,,,,,,,,,,,,,,,,,,,
12/15/23,Friday,,,,,,,,,,,,,,,,,,,,,,,,,,
12/16/23,Saturday,,,,,,,,,,,,,,,,,,,,,,,,,,
12/17/23,Sunday,,,,,,,,,,,,,,,,,,,,,,,,,,
12/18/23,Monday,,,,,,,,,,,,,,,,,,,,,,,,,,
12/19/23,Tuesday,,,,,,,,,,,,,,,,,,,,,,,,,,
12/20/23,Wednesday,,,,,,,,,,,,,,,,,,,,,,,,,,
12/21/23,Thursday,,,,,,,,,,,,,,,,,,,,,,,,,,
12/22/23,Friday,,,,,,,,,,,,,,,,,,,,,,,,,,
12/23/23,Saturday,,,,,,,,,,,,,,,,,,,,,,,,,,
12/24/23,Sunday,,,,,,,,,,,,,,,,,,,,,,,,,,
12/25/23,Monday,,,,,,,,,,,,,,,,,,,,,,,,,,
12/26/23,Tuesday,,,,,,,,,,,,,,,,,,,,,,,,,,
12/27/23,Wednesday,,,,,,,,,,,,,,,,,,,,,,,,,,
12/28/23,Thursday,,,,,,,,,,,,,,,,,,,,,,,,,,
12/29/23,Friday,,,,,,,,,,,,,,,,,,,,,,,,,,
12/30/23,Saturday,,,,,,,,,,,,,,,,,,,,,,,,,,
12/31/23,Sunday,,,,,,,,,,,,,,,,,,,,,,,,,,
Sparklines,,,,,,,,,,,,,,,,,,,,,,,,,  ,,
